silhouette_score,cluster_0_malicious_rate,cluster_1_malicious_rate
0.7902399268570923,0.9648647522193973,0.9141012909632572
